Model,Rouge_Scores,BLEU_Scores,F1_Scores,TOPSIS_Score,Rank
BERT,0.8,0.75,0.82,0.571428571428572,3.0
T5,0.82,0.78,0.84,0.8712596043242085,2.0
Perplexity,0.78,0.72,0.79,0.24442669462970304,5.0
PPLX,0.83,0.76,0.85,0.8914911524424436,1.0
PPLM,0.79,0.73,0.8,0.3831960691214732,4.0
PPLC,0.76,0.71,0.78,0.0,6.0
